BIN,FAILED,PRODUCED,SUSPENDED,AT RISK,Failed/at risk,1-(Failed/At Risk),S,H
1,9,6000,996,5004,0.001798561,0.998201439,0.998201439,0.001800181
2,10,5000,998,4002,0.002498751,0.997501249,0.995707182,0.004302058
3,4,4000,993,3007,0.001330229,0.998669771,0.994382663,0.005633173
4,4,3000,996,2004,0.001996008,0.998003992,0.992397868,0.007631176
5,5,2000,994,1006,0.004970179,0.995029821,0.987465473,0.012613747
