BIN,FAILED,SUSPENDED,AT RISK,Failed/at risk,1-(Failed/At Risk),S,H
1,9,996,6000,0.0015,0.9985,0.9985,0.001501126
2,10,998,5004,0.001998401,0.998001599,0.996504596,0.003501527
3,4,993,4006,0.000998502,0.999001498,0.995509584,0.004500528
4,4,996,3013,0.00132758,0.99867242,0.994187965,0.00582899
5,5,994,2017,0.002478929,0.997521071,0.991723444,0.008310997
